Objectname;Occurances
rs4680;222
rs12979860;221
rs7903146;188
rs8099917;180
rs6265;146
rs25531;123
rs6983267;121
rs2910164;104
rs1800795;102
rs231775;87
rs3746444;86
rs17782313;82
rs7574865;82
rs11614913;80
rs1801133;79
rs1800629;78
rs2234693;75
rs12255372;71
rs8050136;65
rs1042522;64
rs218;64
rs16969968;63
rs3212227;60
rs86;59
rs266729;57
rs1051730;57
rs10993994;54
rs1800896;54
rs1061170;52
rs4880;50
rs1501299;50
rs2076530;50
rs1447295;48
rs731236;47
rs9340799;47
rs1544410;46
rs11200638;45
rs1801131;45
rs2981582;44
rs737865;44
rs6295;44
rs20541;44
rs1045642;43
rs9652490;43
rs1695;42
rs4343;41
rs2108622;41
rs1800497;40
rs6311;40
rs17070145;39
rs7517847;39
rs2241766;39
rs1800587;39
rs763361;39
rs1801157;38
rs1421085;38
rs1800947;38
rs67333;38
rs20417;37
rs11209026;37
rs1076560;37
rs25487;37
rs165599;36
rs1219648;36
rs4818;35
rs2004640;35
rs10757278;34
rs1800796;34
rs485;34
rs5848;34
rs2010963;33
rs12913832;33
rs13181;33
rs232;33
rs1800925;32
rs13266634;32
rs16901979;32
rs6897932;32
rs1799983;32
rs1360780;32
rs780094;32
rs3803662;32
rs20;31
rs1800872;31
rs1229984;30
rs2032582;30
rs53576;30
rs361525;30
rs1006737;29
rs1127354;29
rs6313;29
rs3087243;29
rs1799782;29
rs1143679;28
rs16944;28
rs2046210;28
rs1982073;28
rs5888;28
rs671;28
rs2237892;28
rs28493229;28
rs3851179;27
rs2043211;27
rs4570625;27
rs1044396;27
rs17300539;27
rs61443;27
rs16754;27
rs5275;27
rs2395029;26
rs8034191;26
rs5444;26
rs3798577;26
rs4986938;26
rs7412;26
rs102221;26
rs1799971;26
rs1617640;25
rs1799793;25
rs334558;25
rs140693;25
rs447;25
rs2230912;25
rs10735810;25
rs10830963;25
rs1049353;24
rs1800588;24
rs9277535;24
rs4633;24
rs1801282;24
rs3736228;24
rs1801260;24
rs1800469;24
rs821616;23
rs17817449;23
rs6277;23
rs2522833;23
rs2243250;23
rs4986790;23
rs1143634;23
rs87;23
rs743572;23
rs10889677;23
rs1990760;23
rs1343151;23
rs1044498;22
rs4444235;22
rs889312;22
rs1800871;22
rs4939827;22
rs290487;22
rs2023239;22
rs6010620;22
rs660339;22
rs1805794;22
rs10994336;22
rs7901695;22
rs5443;21
rs642961;21
rs1256049;21
rs6994992;21
rs2237895;21
rs7216389;21
rs13281615;21
rs429358;20
rs2295190;20
rs3800373;20
rs2296147;20
rs7041;20
rs7756992;20
rs2228570;20
rs699;20
rs3865418;20
rs1136410;20
rs10811661;20
rs7754840;20
rs3802842;19
rs1042714;19
rs7813;19
rs100642;19
rs3783641;19
rs324420;19
rs760678;19
rs3218536;19
rs10046;19
rs3091244;19
rs15;19
rs2228480;19
rs16147;18
rs6235;18
rs13277113;18
rs854560;18
rs1056836;18
rs6787362;18
rs10490924;18
rs2071746;18
rs2201841;18
rs5751876;18
rs1801132;18
rs5491;18
rs2254298;18
rs1799724;18
rs1130864;17
rs112;17
rs13254738;17
rs2243115;17
rs6269;17
rs1333049;17
rs688;17
rs102895;17
rs175174;17
rs3775291;17
rs266882;17
rs143383;17
rs1611115;17
rs2736098;16
rs3834129;16
rs2391191;16
rs760761;16
rs7341475;16
rs7582694;16
rs11196218;16
rs2986017;16
rs8192284;16
rs1858830;16
rs6318;16
rs6232;16
rs6259;16
rs698;16
rs1042725;16
rs6280;16
rs4532;16
rs27072;16
rs242557;16
rs401681;16
rs4430796;16
rs1260326;15
rs2231142;15
rs7997012;15
rs6887695;15
rs10757274;15
rs16906252;15
rs4925;15
rs126;15
rs12953717;15
rs13387042;15
rs1048990;15
rs1042713;15
rs10795668;15
rs13;15
rs2235371;15
rs2241880;14
rs762551;14
rs7799039;14
rs2670660;14
rs778293;14
rs11243444;14
rs1108580;14
rs402710;14
rs348624;14
rs6503691;14
rs7-3g11;14
rs9642880;14
rs10524523;14
rs3737787;13
rs662799;13
rs4779584;13
rs2232157;13
rs2292832;13
rs2619522;13
rs3924999;13
rs1799998;13
rs11754661;13
rs2606345;13
rs2248690;13
rs1111875;13
rs10;13
rs6675281;13
rs17053;13
rs3025058;13
rs686;13
rs3761548;12
rs1047768;12
rs10516487;12
rs3087456;12
rs4420638;12
rs5082;12
rs1051740;12
rs1018381;12
rs763110;12
rs174546;12
rs17571;12
rs1884444;12
rs1861973;12
rs1861972;12
rs1937;12
rs5569;12
rs761745;12
rs79948;12
rs1130214;12
rs7684318;12
rs5984894;12
rs599839;12
rs1143627;12
rs646776;12
rs20455;12
rs1414334;12
rs4986791;12
rs7480010;12
rs4810424;12
rs947267;11
rs6166;11
rs6903874;11
rs689470;11
rs1800532;11
rs744166;11
rs1799964;11
rs6503695;11
rs1042173;11
rs760317;11
rs1004982;11
rs6445975;11
rs1256030;11
rs3758549;11
rs679620;11
rs605059;11
rs1255998;11
rs3865188;11
rs12203592;11
rs1799836;11
rs5498;11
rs10954213;11
rs2030324;11
Rs1h;11
rs10941679;11
rs872071;11
rs4290270;11
rs4973768;11
rs8176746;11
rs1801028;11
rs8051542;11
rs2230926;11
rs1121980;11
rs1800797;11
rs925013;11
rs9470080;11
rs1061581;10
rs2981578;10
rs2077647;10
rs3217992;10
rs16892766;10
rs12970134;10
rs1386494;10
rs2236196;10
rs10974944;10
rs2603751;10
rs174547;10
rs1884614;10
rs2268388;10
rs2283265;10
rs28566535;10
rs23597-190;10
rs2740574;10
rs1800764;10
rs1800630;10
rs2232158;10
rs1887922;10
rs3764880;10
rs6449182;10
rs9370822;10
rs707922;10
rs9296158;10
rs778294;10
rs6438552;10
rs5277;10
rs749292;10
rs7931342;10
rs495828;10
rs6929846;10
rs3804099;10
rs3817198;10
rs8193037;10
rs4977756;10
rs9923231;10
rs3751812;10
rs4251961;10
rs2237897;9
rs13333226;9
rs362719;9
rs1011313;9
rs2373115;9
rs3792267;9
rs11209032;9
rs4775936;9
rs1693482;9
rs1805127;9
rs6152;9
rs2569190;9
rs3846662;9
rs6548238;9
rs2234922;9
rs1271572;9
rs1835740;9
rs2420946;9
rs1799977;9
rs1041981;9
rs34214448;9
rs1417938;9
rs40184;9
rs700519;9
rs5065;9
rs2070991;9
rs2304256;9
rs3135388;9
rs360719;9
rs266085;9
rs10505477;9
rs2071749;9
rs314276;9
rs2278293;8
rs1862513;8
rs12075;8
rs7923837;8
rs16949649;8
rs1230399;8
rs1997794;8
rs17266594;8
rs4305745;8
rs2569512;8
rs8191518;8
rs4464148;8
rs895819;8
rs2293152;8
rs6822844;8
rs1882095;8
rs6504950;8
rs11066322;8
rs1063192;8
rs5522;8
rs5370;8
rs9138;8
rs578776;8
rs518147;8
rs2976392;8
rs34536443;8
rs361072;8
rs314277;8
rs907094;8
rs3764261;8
rs887829;8
rs16260;8
rs1800561;8
rs1457092;8
rs17647532;8
rs2854344;8
rs17655;8
rs12344615;8
rs3812316;8
rs2519152;8
rs2814778;8
rs12364283;7
rs684513;7
rs21745;7
rs2075685;7
rs1468412;7
rs710521;7
rs211014;7
rs4988321;7
rs4364254;7
rs2227956;7
rs7305115;7
rs4712652;7
rs1541160;7
rs4958847;7
rs7222094;7
rs72689236;7
rs4938723;7
rs4917;7
rs4641;7
rs4402960;7
rs17251221;7
rs93427;7
rs3783553;7
rs3211938;7
rs1071592;7
rs2854746;7
rs2470890;7
rs3743484;7
rs3825942;7
rs10938397;7
rs570613;7
rs11;7
rs3756450;7
rs111;7
rs10752637;7
rs9722;7
rs7530511;7
rs2294213;7
rs3730358;7
rs11575899;7
rs6267;7
rs9934438;7
rs7759938;7
rs8170;7
rs1800435;7
rs3733890;7
rs1010;7
rs504393;7
rs1129038;7
rs1043618;7
rs699473;7
rs4784227;6
rs6983130;6
rs1538979;6
rs17822931;6
rs1642785;6
rs1979277;6
rs17037396;6
rs4988;6
rs498055;6
rs4988514;6
rs182455;6
rs17096918;6
rs522616;6
rs4831;6
rs198389;6
rs6916861;6
rs520692;6
rs1564282;6
rs1805247;6
rs1912960;6
rs231779;6
rs12443621;6
rs7895676;6
rs12343867;6
rs10830962;6
rs1044925;6
rs7601754;6
rs3749474;6
rs1051788;6
rs2267641;6
rs1055271;6
rs2277438;6
rs2106261;6
rs908832;6
rs4326755;6
rs8175347;6
rs3858145;6
rs2975226;6
rs2656070;6
rs2736990;6
rs4141463;6
rs2232873;6
rs3730353;6
rs7081735;6
rs4713916;6
rs10012;6
rs1330344;6
rs968567;6
rs622342;6
rs1009382;6
rs12654264;6
rs7452939;6
rs449647;6
rs4480617;6
rs885822;5
rs951439;5
rs6454674;5
rs1060822;5
rs9594782;5
rs643627;5
rs3732581;5
rs9897526;5
rs9288516;5
rs626716;5
rs6276;5
rs9399137;5
rs929271;5
rs1799914;5
rs11887534;5
rs703842;5
rs7089424;5
rs1558139;5
rs1327474;5
rs728524;5
rs731779;5
rs12700667;5
rs735665;5
rs7483;5
rs1656930;5
rs751229;5
rs8031031;5
rs12268840;5
rs10917670;5
rs6782799;5
rs1175544;5
rs11556218;5
rs17089362;5
rs7837328;5
rs7973796;5
rs6746030;5
rs659822;5
rs6566810;5
rs10994982;5
rs86017;5
rs6855911;5
rs4537545;5
rs510769;5
rs2732552;5
rs1876831;5
rs3097;5
rs430397;5
rs5068;5
rs4341;5
rs4363;5
rs1816072;5
rs198358;5
rs2287074;5
rs2234678;5
rs3024791;5
rs2066713;5
rs3763313;5
rs324650;5
rs2227589;5
rs2207418;5
rs3134613;5
rs2241879;5
rs2652511;5
rs2299225;5
rs366631;5
rs2395185;5
rs59186128;5
rs398652;5
rs2419621;5
rs362691;5
rs569356;5
rs5918;5
rs3918181;5
rs1801725;5
rs1295685;4
rs2229634;4
rs1295686;4
rs12953;4
rs463946;4
rs2858056;4
rs1059759;4
rs3766379;4
rs7181866;4
rs910873;4
rs11023787;4
rs715180;4
rs2228014;4
rs13376333;4
rs133946;4
rs11100494;4
rs4728142;4
rs7211818;4
rs2306862;4
rs11542313;4
rs864745;4
rs11572223;4
rs3824968;4
rs2298383;4
rs7719175;4
rs8752;4
rs11465817;4
rs11636639;4
rs10853728;4
rs767199;4
rs4425326;4
rs420259;4
rs2278294;4
rs10807344;4
rs7861779;4
rs3746619;4
rs1130866;4
rs2270188;4
rs12449782;4
rs12501691;4
rs2248814;4
rs2344484;4
rs2664581;4
rs12594956;4
rs2363956;4
rs2297660;4
rs1739843;4
rs3738579;4
rs6882076;4
rs4822063;4
rs560887;4
rs17145738;4
rs3397;4
rs4988330;4
rs5742612;4
rs17401966;4
rs34851361;4
rs1990622;4
rs17354547;4
rs17350674;4
rs1042229;4
rs1879282;4
rs676210;4
rs4766587;4
rs183294;4
rs10040363;4
rs5945572;4
rs632793;4
rs1476413;4
rs588765;4
rs2072658;4
rs1532624;4
rs9397435;4
rs2066843;4
rs1537374;4
rs2068330;4
rs1873668;3
rs1726866;3
rs3900940;3
rs4243399;3
rs8005468;3
rs890334;3
rs8040868;3
rs2291725;3
rs17820875;3
rs3729960;3
rs2802292;3
rs615470;3
rs3812571;3
rs5916271;3
rs6426833;3
rs1149048;3
rs4077515;3
rs2308327;3
rs967582;3
rs10088313;3
rs10150241;3
rs11574790;3
rs10129255;3
rs1820453;3
rs823128;3
rs10748842;3
rs2721;3
rs2228671;3
rs16835244;3
rs3798758;3
rs1718119;3
rs6857715;3
rs2286672;3
rs4673628;3
rs7212142;3
rs16849083;3
rs910079;3
rs2007467;3
rs326;3
rs2069727;3
rs3745367;3
rs710079;3
rs3118570;3
rs2076311;3
rs10483727;3
rs4778889;3
rs4820268;3
rs9566845;3
rs12827748;3
rs13306560;3
rs17101921;3
rs16888589;3
rs4519482;3
rs1287637;3
rs1919364;3
rs1256031;3
rs339097;3
rs312778;2
rs10975641;2
rs266093;2
rs901825;2
rs8192780;2
rs9674559;2
rs2660898;2
rs10487372;2
rs9391981;2
rs890336;2
rs1021188;2
rs10108011;2
rs36498;2
rs10244817;2
rs10409962;2
rs9418990;2
rs3801776;2
rs1042265;2
rs1012477;2
rs2880961;2
rs3827688;2
rs2289591;2
rs13043313;2
rs1391768;2
rs1218585;2
rs7556371;2
rs7513662;2
rs12410394;2
rs12603582;2
rs12717111;2
rs1979572;2
rs514049;2
rs4988331;2
rs6757845;2
rs1317286;2
rs7193343;2
rs716274;2
rs680244;2
rs198388;2
rs13331;2
rs2059693;2
rs1536826;2
rs2069849;2
rs679581;2
rs180925;2
rs638416;2
rs11264126;2
rs1978331;2
rs6505162;2
rs64296;2
rs11133373;2
rs11574010;2
rs4035540;2
rs2612656;2
rs11672433;2
rs17689882;2
rs17649641;2
rs387619;2
rs17615;2
rs6046;2
rs17885289;2
rs4845396;1
rs9450278;1
rs3287;1
rs3732568;1
rs6852678;1
rs5907577;1
rs9836340;1
rs3740996;1
rs14647;1
rs10145182;1
rs10193871;1
rs6426985;1
rs11573014;1
rs1218584;1
rs12058931;1
rs11855415;1
rs11829693;1
rs880395;1
rs10838525;1
rs7014346;1
rs11628722;1
rs10757283;1
rs10940495;1
rs11559271;1
rs3974590;1
rs11208285;1
rs2523619;1
rs8192475;1
rs10878640;1
rs11084377;1
rs2111485;1
rs213950;1
rs3211913;1
rs7078071;1
rs228837;1
rs1218568;1
rs10509561;1
rs2745559;1
rs4707795;1
rs4657247;1
rs4648261;1
rs12765929;1
rs905740;1
